{"特别节目": [{"key": "datapd-channel", "name": "频道", "value": [{"n": "全部", "v": ""}, {"n": "CCTV-1 综合", "v": "CCTV-1综合,CCTV-1高清,CCTV-1综合高清"}, {"n": "CCTV-2 财经", "v": "CCTV-2财经,CCTV-2高清,CCTV-2财经高清"}, {"n": "CCTV-3 综艺", "v": "CCTV-3综艺,CCTV-3高清,CCTV-3综艺高清"}, {"n": "CCTV-4 中文国际", "v": "CCTV-4中文国际,CCTV-4高清,CCTV-4中文国际(亚)高清"}, {"n": "CCTV-5 体育", "v": "CCTV-5体育,CCTV-5高清,CCTV-5体育高清"}, {"n": "CCTV-6 电影", "v": "CCTV-6电影,CCTV-6高清,CCTV-6电影高清"}, {"n": "CCTV-7 国防军事", "v": "CCTV-7军事农业,CCTV-7高清,CCTV-7军事农业高清,CCTV-7国防军事高清"}, {"n": "CCTV-8 电视剧", "v": "CCTV-8电视剧,CCTV-8高清,CCTV-8电视剧高清"}, {"n": "CCTV-9 纪录", "v": "CCTV-9纪录,CCTV-9高清,CCTV-9纪录高清"}, {"n": "CCTV-10 科教", "v": "CCTV-10科教,CCTV-10高清,CCTV-10科教高清"}, {"n": "CCTV-11 戏曲", "v": "CCTV-11戏曲,CCTV-11高清,CCTV-11戏曲高清"}, {"n": "CCTV-12 社会与法", "v": "CCTV-12社会与法,CCTV-12高清,CCTV-12社会与法高清"}, {"n": "CCTV-13 新闻", "v": "CCTV-13新闻,CCTV-13高清,CCTV-13新闻高清"}, {"n": "CCTV-14 少儿", "v": "CCTV-14少儿,CCTV-14高清,CCTV-14少儿高清"}, {"n": "CCTV-15 音乐", "v": "CCTV-15音乐,CCTV-15高清,CCTV-15音乐高清"}, {"n": "CCTV-17 农业农村", "v": "CCTV-17农业农村高清"}]}, {"key": "datafl-sc", "name": "类型", "value": [{"n": "全部", "v": ""}, {"n": "新闻", "v": "新闻"}, {"n": "经济", "v": "经济"}, {"n": "综艺", "v": "综艺"}, {"n": "体育", "v": "体育"}, {"n": "军事", "v": "军事"}, {"n": "影视", "v": "影视"}, {"n": "科教", "v": "科教"}, {"n": "戏曲", "v": "戏曲"}, {"n": "青少", "v": "青少"}, {"n": "音乐", "v": "音乐"}, {"n": "社会", "v": "社会"}, {"n": "文化", "v": "文化"}, {"n": "公益", "v": "公益"}, {"n": "其他", "v": "其他"}]}, {"key": "dataszm-letter", "name": "首字母", "value": [{"n": "全部", "v": ""}, {"n": "A", "v": "A"}, {"n": "B", "v": "B"}, {"n": "C", "v": "C"}, {"n": "D", "v": "D"}, {"n": "E", "v": "E"}, {"n": "F", "v": "F"}, {"n": "G", "v": "G"}, {"n": "H", "v": "H"}, {"n": "I", "v": "I"}, {"n": "J", "v": "J"}, {"n": "K", "v": "K"}, {"n": "L", "v": "L"}, {"n": "M", "v": "M"}, {"n": "N", "v": "N"}, {"n": "O", "v": "O"}, {"n": "P", "v": "P"}, {"n": "Q", "v": "Q"}, {"n": "R", "v": "R"}, {"n": "S", "v": "S"}, {"n": "T", "v": "T"}, {"n": "U", "v": "U"}, {"n": "V", "v": "V"}, {"n": "W", "v": "W"}, {"n": "X", "v": "X"}, {"n": "Y", "v": "Y"}, {"n": "Z", "v": "Z"}]}], "纪录片": [{"key": "datapd-channel", "name": "频道", "value": [{"n": "全部", "v": ""}, {"n": "CCTV-1 综合", "v": "CCTV-1综合,CCTV-1高清,CCTV-1综合高清"}, {"n": "CCTV-2 财经", "v": "CCTV-2财经,CCTV-2高清,CCTV-2财经高清"}, {"n": "CCTV-3 综艺", "v": "CCTV-3综艺,CCTV-3综艺高清"}, {"n": "CCTV-4 中文国际", "v": "CCTV-4中文国际,CCTV-4高清,CCTV-4中文国际(亚)高清"}, {"n": "CCTV-5 体育", "v": "CCTV-5体育,CCTV-5体育高清"}, {"n": "CCTV-6 电影", "v": "CCTV-6电影,CCTV-6电影高清"}, {"n": "CCTV-7 国防军事", "v": "CCTV-7军事农业,CCTV-7军事农业高清，CCTV-7国防军事高清"}, {"n": "CCTV-8 电视剧", "v": "CCTV-8电视剧,CCTV-8电视剧高清"}, {"n": "CCTV-9 纪录", "v": "CCTV-9纪录,CCTV-9高清,CCTV-9纪录高清"}, {"n": "CCTV-10 科教", "v": "CCTV-10科教,CCTV-10高清,CCTV-10科教高清"}, {"n": "CCTV-11 戏曲", "v": "CCTV-11戏曲"}, {"n": "CCTV-12 社会与法", "v": "CCTV-12社会与法,CCTV-12社会与法高清"}, {"n": "CCTV-13 新闻", "v": "CCTV-13新闻"}, {"n": "CCTV-14 少儿", "v": "CCTV-14少儿,CCTV-14少儿高清"}, {"n": "CCTV-15 音乐", "v": "CCTV-15音乐,CCTV-15音乐高清"}, {"n": "CCTV-17 农业农村", "v": "CCTV-17农业农村高清"}]}, {"key": "datafl-sc", "name": "类型", "value": [{"n": "全部", "v": ""}, {"n": "人文历史", "v": "人文历史"}, {"n": "人物", "v": "人物"}, {"n": "军事", "v": "军事"}, {"n": "探索", "v": "探索"}, {"n": "社会", "v": "社会"}, {"n": "自然", "v": "自然"}, {"n": "时政", "v": "时政"}, {"n": "经济", "v": "经济"}, {"n": "科技", "v": "科技"}]}, {"key": "datanf-year", "name": "年份", "value": [{"n": "全部", "v": ""}, {"n": "2024", "v": "2024"}, {"n": "2023", "v": "2023"}, {"n": "2022", "v": "2022"}, {"n": "2021", "v": "2021"}, {"n": "2020", "v": "2020"}, {"n": "2019", "v": "2019"}, {"n": "2018", "v": "2018"}, {"n": "2017", "v": "2017"}, {"n": "2016", "v": "2016"}, {"n": "2015", "v": "2015"}, {"n": "2014", "v": "2014"}, {"n": "2013", "v": "2013"}, {"n": "2012", "v": "2012"}, {"n": "2011", "v": "2011"}, {"n": "2010", "v": "2010"}, {"n": "2009", "v": "2009"}, {"n": "2008", "v": "2008"}]}, {"key": "dataszm-letter", "name": "首字母", "value": [{"n": "全部", "v": ""}, {"n": "A", "v": "A"}, {"n": "B", "v": "B"}, {"n": "C", "v": "C"}, {"n": "D", "v": "D"}, {"n": "E", "v": "E"}, {"n": "F", "v": "F"}, {"n": "G", "v": "G"}, {"n": "H", "v": "H"}, {"n": "I", "v": "I"}, {"n": "J", "v": "J"}, {"n": "K", "v": "K"}, {"n": "L", "v": "L"}, {"n": "M", "v": "M"}, {"n": "N", "v": "N"}, {"n": "O", "v": "O"}, {"n": "P", "v": "P"}, {"n": "Q", "v": "Q"}, {"n": "R", "v": "R"}, {"n": "S", "v": "S"}, {"n": "T", "v": "T"}, {"n": "U", "v": "U"}, {"n": "V", "v": "V"}, {"n": "W", "v": "W"}, {"n": "X", "v": "X"}, {"n": "Y", "v": "Y"}, {"n": "Z", "v": "Z"}]}]}